sample_ID,species,weight_g,volume_mL,SA_cm2,frag_ID
A01_TPC,Pcyl,1,463,1,A01
G01_TPC,Elam,1,460,1,G01
C01_TPC,Fcom,1,462,1,C01
F01_TPC,Prug,1,464,1,F01
E01_TPC,Peyd,1,460,1,E01
BLANK1_Run1_TPC,BLANK,NA,475,NA,BLANK1_Run1
J01_TPC,Ahya,1,465,1,J01
I01_TPC,Tfro,1,468,1,I01
BLANK2_Run1_TPC,BLANK,NA,475,NA,BLANK2_Run1
B01_TPC,Mvie,1,462,1,B01
H01_TPC,Maeq,1,461,1,H01
D01_TPC,Prus,1,460,1,D01
